\c bank

INSERT into BRANCH values('ABC00001','SBIN0003280','26563632','ABC00001@XYZ.COM');
INSERT into BRANCH values('ABC00002','SBIN0003181','65562642','ABC00002@XYZ.COM');
INSERT into BRANCH values('ABC00003','SBIN0003382','41207753','ABC00003@XYZ.COM');
INSERT into BRANCH values('ABC00004','SBIN0003183','56749932','ABC00004@XYZ.COM');


INSERT into CUSTOMER values('12345678911','JONES','9878123498763218','JONES2001','JONES123','9365352517','JONES1@XYZ.COM');
INSERT into CUSTOMER values('12345678912','ALEX','9878123444543212','ALEX2001','ALEX123','9365567517','ALEX1@XYZ.COM');
INSERT into CUSTOMER values('12345678913','JAMES','43481234363215','JAMES2001','JAMES123','9808574332','JAMES1@XYZ.COM');
INSERT into CUSTOMER values('12345678914','JONAH','2328123493233212','JONAH2001','JONAH123','9752415674','JONAH1@XYZ.COM');
INSERT into CUSTOMER values('12345678915','MAX','4348124398763211','MAX2001','MAX123','9052438174','MAX1@XYZ.COM');
INSERT into CUSTOMER values('12345678916','JOHN','1234823498763213','JOHN2001','JOHN123','8052433462','JOHN1@XYZ.COM');
INSERT into CUSTOMER values('12345678917','JENNIFER','237432349876434','JENNIFER2001','JENNIFER123','8052456461','JENNIFER1@XYZ.COM');
INSERT into CUSTOMER values('12345678918','RACHEL','9435853498763216','RACHEL2001','RACHEL123','8052462361','RACHEL1@XYZ.COM');
INSERT into CUSTOMER values('12345678919','FERGUSON','3458123498652213','FERGUSON2001','FERGUSON123','8952462574','FERGUSON1@XYZ.COM');
INSERT into CUSTOMER values('12345678921','GUPTILL','1908123498763216','GUPTILL2001','GUPTILL123','8952462221','GUPTILL1@XYZ.COM');

INSERT into ACCOUNT values('32011963651','ABC00003','12345678911',10000);
INSERT into ACCOUNT values('33012963652','ABC00002','12345678912',20000);
INSERT into ACCOUNT values('34013963653','ABC00001','12345678913',30000);
INSERT into ACCOUNT values('35014963654','ABC00002','12345678914',40000);
INSERT into ACCOUNT values('36016963655','ABC00003','12345678915',50000);
INSERT into ACCOUNT values('37013963656','ABC00004','12345678916',60000);
INSERT into ACCOUNT values('38012963657','ABC00004','12345678917',70000);
INSERT into ACCOUNT values('39013963658','ABC00004','12345678918',80000);
INSERT into ACCOUNT values('31014963659','ABC00001','12345678919',90000);
INSERT into ACCOUNT values('37016963619','ABC00002','12345678912',100000);
INSERT into ACCOUNT values('39018963629','ABC00002','12345678919',19000);


INSERT into DEBITCARD values('1109625325245267','39013963658','234','6743','2029-11-10');
INSERT into DEBITCARD values('4509625325241213','34013963653','123','8352','2028-2-10');
INSERT into DEBITCARD values('9109625325242212','37016963619','567','9265','2028-9-10');
INSERT into DEBITCARD values('7509625325246243','38012963657','933','9172','2027-10-10');
INSERT into DEBITCARD values('9309625325247352','35014963654','028','1752','2026-12-10');
INSERT into DEBITCARD values('9109611125242202','32011963651','026','1052','2025-11-10');
INSERT into DEBITCARD values('9279673523247109','36016963655','236','9102','2026-12-10');
INSERT into DEBITCARD values('9362634325247073','33012963652','926','3152','2023-9-10');



INSERT into CREDITCARD values('0109688252452670','39013963658','197','9363','2050-11-10');
INSERT into CREDITCARD values('0509673725241213','34013963653','200','8132','2028-2-10');
INSERT into CREDITCARD values('0109626225242212','31014963659','567','9265','2028-9-10');
INSERT into CREDITCARD values('0509663625246243','37013963656','933','9172','2027-10-10');
INSERT into CREDITCARD values('0309672625247352','33012963652','021','1712','2026-12-10');
INSERT into CREDITCARD values('0609663625282643','38012963657','913','2972','2029-10-10');
INSERT into CREDITCARD values('0709672625263552','39018963629','021','1712','2026-12-10');
INSERT into CREDITCARD values('0809663625243523','32011963651','293','1972','2029-12-10');



INSERT into LOANS values('9234567890','12345678911','32011963651','15.5','HOME','1000000','6');
INSERT into LOANS values('9234567891','12345678912','33012963652','2.0','CAR','350000','4');
INSERT into LOANS values('9234567892','12345678914','35014963654','1.0','GOLD','250000','10');
INSERT into LOANS values('9234567893','12345678917','38012963657','2.5','GOLD','900000','10');
INSERT into LOANS values('9234567894','12345678919','39018963629','10.5','HOME','760000','6');
INSERT into LOANS values('9234567895','12345678913','34013963653','9.5','HOME','860000','6');
INSERT into LOANS values('9234567896','12345678918','39013963658','10','HOME','100000','6');
INSERT into LOANS values('9234567897','12345678916','37013963656','2.5','CAR','900000','4');

INSERT into INVESTMENTS values('8234567890','12345678911','32011963651','5.0','FD','40000','6.8');
INSERT into INVESTMENTS values('8234567891','12345678912','33012963652','10.0','RD','13000','6.6');
INSERT into INVESTMENTS values('8234567892','12345678913','34013963653','10.0','FD','2500000','6.8');
INSERT into INVESTMENTS values('8234567893','12345678915','36016963655','4.5','MF','10000');
INSERT into INVESTMENTS values('8234567894','12345678916','37013963656','8.5','FD','100000','6.8');
INSERT into INVESTMENTS values('8234567895','12345678918','39013963658','2.5','MF','30000');
INSERT into INVESTMENTS values('8234567896','12345678919','31014963659','1.5','MF','20000');


INSERT into STAFF values('4123456789','ABC00001','MONA','121','ACCOUNTS','9878123735243218',200000,'975412354');
INSERT into STAFF values('4223456789','ABC00002','LISA','122','SALES','9878123735263541',300000,'975412354');
INSERT into STAFF values('4323456789','ABC00002','STAN','101','MANAGER','9878123735262512',900000,'975412354');
INSERT into STAFF values('4423456789','ABC00003','RON','121','ACCOUNTS','987812373572514',200000,'975412354');
INSERT into STAFF values('4523456789','ABC00003','JENNIFER','101','MANAGER','237432349876434',900000,'8052456461','12345678917');
INSERT into STAFF values('4623456789','ABC00004','RACHEL','121','ACCOUNTS','9435853498763216',200000,'975412354','12345678918');
INSERT into STAFF values('4723456789','ABC00004','MAX','101','MANAGER','4348124398763211',900000,'975412354','12345678915');
INSERT into STAFF values('4823456789','ABC00001','JAMES','101','MANAGER','43481234363215',900000,'975412354');

INSERT into INSURANCE values('5234567890','12345678921','HOME','1000');
INSERT into INSURANCE values('5234567891','12345678919','CAR','500');
INSERT into INSURANCE values('5234567892','12345678913','LIFE','10000');
INSERT into INSURANCE values('5234567893','12345678912','LIFE','100000');
INSERT into INSURANCE values('5234567894','12345678914','LIFE','200000');
INSERT into INSURANCE values('5234567895','12345678915','LIFE','300000');
INSERT into INSURANCE values('5234567896','12345678916','HOME','40000');
INSERT into INSURANCE values('5234567897','12345678917','HOME','50000');

INSERT into BENEFICIARY values('ALICE','12345678911','DAUGHTER');
INSERT into BENEFICIARY values('JOHN','12345678912','FATHER');
INSERT into BENEFICIARY values('MAX','12345678913','SON','12345678915');
INSERT into BENEFICIARY values('GUPTILL','12345678918','HUSBAND','12345678921');
INSERT into BENEFICIARY values('SAM','12345678917','HUSBAND');
INSERT into BENEFICIARY values('SMITH','12345678919','BROTHER');

INSERT into TRANSACTION values('2123456789','32011963651','9109611125242202',NULL,NULL,NULL,10000,10000,20000);
INSERT into TRANSACTION values('2223456789','39013963658',NULL,'0109688252452670',NULL,NULL,-10000,30000,20000);
INSERT into TRANSACTION values('2323456789','32011963651',NULL,NULL,'9234567890',NULL,5000,90000,85000);
INSERT into TRANSACTION values('2423456789','31014963659',NULL,NULL,NULL,'8234567890',30000,60000,90000);
INSERT into TRANSACTION values('2523456789','39013963658',NULL,NULL,NULL,'8234567895',10000,10000,20000);
INSERT into TRANSACTION values('2623456789','37016963619','9109625325242212',NULL,NULL,NULL,-20000,40000,20000);

